Bedrooms,Bathrooms,SquareFootage,LotSize,MedianIncome,PropertyTaxRate,ProximityCityCenter,YearBuilt,LastRenovationYear,InterestRate,DemandIndex,Price
4,1.6,799,0.62,56347,1.93,18,1980,1980,3.25,1.25,254036.4
5,1.9,638,0.67,128725,0.89,18,1959,1972,3.85,1.44,290828.33
3,3.6,858,0.89,133844,1.44,21,2005,2017,3.56,0.55,307291.91
5,2.0,2022,0.6,121321,1.45,26,2019,2040,5.45,0.51,450113.1
5,1.9,3956,0.65,79056,1.26,16,1969,1969,5.72,1.16,780451.24
2,3.7,2127,0.2,93851,1.53,13,1954,1954,3.21,0.79,497595.54
3,2.7,1803,0.5,128234,1.33,7,1972,1972,5.46,0.75,479903.75
3,1.2,1634,0.73,111502,0.9,1,1958,1958,5.13,0.83,455500.07
3,2.7,2686,0.31,126633,1.32,26,2007,2031,5.72,0.77,531498.35
5,3.4,3670,0.24,111418,0.64,16,2008,2008,2.98,1.01,731001.87
4,1.7,4335,0.35,100211,1.65,1,2003,2003,4.31,0.94,865487.23
3,2.1,2651,0.28,71850,2.21,17,1995,1995,3.1,1.01,550381.53
5,1.7,1737,0.25,108545,1.95,6,1971,1971,5.3,1.17,468386.74
2,3.0,4235,0.45,57843,1.22,2,2013,2013,2.02,0.89,813657.7
4,3.0,3334,0.91,92320,0.67,17,1957,1957,4.26,0.75,711258.89
2,4.0,4760,0.53,59793,0.9,6,1969,1969,3.36,0.67,896930.45
4,1.4,1498,0.23,69516,1.59,14,2000,2045,3.29,0.85,346542.71
5,2.9,3067,0.12,134407,0.91,18,1988,1988,4.58,1.24,662343.05
1,1.8,1807,0.71,47857,1.59,6,1986,2028,5.41,1.26,415222.51
4,1.6,1156,0.41,49627,0.96,10,1999,2008,4.44,1.17,329031.85
2,2.7,3160,0.83,91822,2.2,24,1983,1983,5.41,0.73,596813.2
5,2.9,2711,0.68,114101,1.29,18,1982,2029,3.06,1.09,604792.79
4,2.4,2409,0.81,121561,0.99,27,1980,1980,4.08,1.07,531742.91
1,3.3,4230,0.31,82248,2.12,9,2003,2015,3.8,0.98,800423.32
1,1.7,2546,0.71,85798,1.19,8,1993,1993,2.05,1.05,551319.14
3,1.8,3662,0.3,123368,0.72,28,1983,1983,4.23,0.99,670699.11
3,3.8,1640,0.94,74116,1.64,10,2020,2020,4.65,1.07,455141.7
2,2.8,766,0.65,105318,1.66,17,2011,2011,4.37,1.22,296645.98
4,3.4,2345,0.36,134186,1.93,23,1972,1991,4.95,0.61,527737.32
4,3.8,2208,0.31,117902,0.98,29,1995,1995,4.29,1.25,493440.49
3,3.1,4130,0.23,58557,1.39,26,2005,2005,2.27,0.64,745866.56
4,1.5,3711,0.71,101334,1.06,6,1956,1956,2.47,0.57,762701.99
4,3.0,2793,0.26,105163,0.66,14,2010,2033,4.39,1.48,604472.25
1,1.3,4232,0.62,136719,2.25,22,1952,1952,3.1,1.46,796749.3
3,1.4,4329,0.3,108002,1.96,22,1987,1987,2.32,0.56,763440.93
5,1.4,2010,0.68,72614,1.1,6,1983,1983,3.72,0.94,498059.03
3,2.7,975,0.82,42720,1.7,26,1993,2006,4.22,0.69,280914.93
5,1.4,1476,0.79,87608,0.9,7,1979,1979,3.31,0.99,445776.99
1,1.4,1707,0.77,137449,2.28,12,1966,1966,4.88,1.33,450653.73
2,2.2,2460,0.23,132828,0.73,3,2008,2008,4.58,1.45,550843.53
4,1.4,1057,0.13,102095,0.51,14,1959,1962,3.33,1.13,293815.07
1,3.2,1382,0.71,135924,1.5,22,1967,1967,5.02,0.85,370152.79
4,3.1,2694,0.4,114694,1.67,19,1994,1994,4.59,1.1,584066.06
2,1.6,3167,0.46,126452,1.66,23,2008,2008,4.55,0.81,608850.4
2,2.7,2110,0.08,117593,0.61,16,2011,2038,4.21,1.41,485994.97
1,3.6,3988,0.3,65892,1.13,7,2008,2047,2.05,1.37,800937.92
2,2.5,2954,0.08,136975,1.5,8,1998,1998,4.79,1.06,631751.97
5,2.4,4994,0.89,107242,0.93,18,2012,2012,3.5,0.82,962130.02
2,3.9,2446,0.28,146041,2.25,25,1981,1981,5.77,0.79,505139.29
4,2.5,3308,0.58,107606,0.67,13,1959,1959,5.27,0.53,665810.58
4,3.5,4325,0.09,148542,1.47,21,1960,1960,4.35,1.32,848755.45
4,2.0,4036,0.68,136438,1.88,9,2019,2019,3.01,0.95,825247.73
4,3.3,4302,0.36,30924,1.02,10,2011,2011,2.81,0.83,827510.9
5,1.4,4677,0.9,81322,1.75,21,1996,2015,3.36,0.97,852124.41
3,3.4,2470,0.89,56478,2.16,23,1983,1983,3.91,1.32,533580.57
1,3.6,4322,0.36,101042,0.88,27,1966,1966,3.18,0.62,782036.59
4,3.5,3319,0.91,76418,2.33,9,2003,2003,4.06,1.36,713552.32
2,3.6,1402,1.0,92217,1.61,15,1989,1989,2.66,1.4,404245.42
4,2.8,864,0.83,130699,1.1,20,1968,1968,5.91,1.45,320138.85
2,1.8,4758,0.85,120140,1.36,2,2016,2016,2.43,0.9,932179.06
2,3.7,3619,0.29,110846,1.12,25,2002,2002,5.73,0.72,679940.16
4,3.0,3058,0.6,103762,1.95,13,2013,2060,5.65,0.87,641968.16
5,1.0,2363,0.11,41781,2.09,2,1996,2002,4.1,0.83,491857.64
2,1.2,615,0.14,35515,2.17,19,1955,1955,4.9,0.68,156857.7
2,1.0,2884,1.0,147358,2.47,26,1965,1965,3.74,1.11,595060.25
4,1.6,4435,0.36,66133,2.08,2,2021,2021,4.52,0.98,849598.01
2,3.9,2990,0.76,112508,1.7,3,1967,1967,3.36,1.37,692386.07
2,3.2,1442,0.82,127628,1.18,6,2001,2001,3.2,0.53,430164.13
4,2.9,2224,0.87,106946,1.59,3,1997,2005,4.31,1.14,595937.56
4,2.1,2834,1.0,115058,0.58,10,1992,2016,3.99,1.26,642363.18
1,2.9,3267,0.28,39095,1.99,24,1988,1999,4.32,1.26,593861.94
5,1.4,1637,0.09,118583,1.39,27,1998,1998,3.15,1.39,385692.92
5,1.1,3027,0.44,50470,0.54,6,1961,1982,3.47,1.23,614436.42
2,3.5,4617,0.17,73129,0.63,23,1959,1985,2.34,1.43,847244.71
5,1.3,3920,0.07,38531,1.27,16,2020,2020,2.21,0.83,708736.07
2,1.3,4406,0.39,67038,1.67,17,2004,2004,3.01,1.0,765488.2
1,1.3,4137,0.79,117939,1.43,19,1950,1994,2.3,0.51,751182.82
4,2.8,3453,0.59,72674,1.74,3,1998,1998,2.42,0.51,710196.57
4,2.5,2867,0.35,124658,1.46,18,1985,1985,5.25,0.74,600485.15
4,3.3,4721,0.67,112476,1.82,7,1970,1970,2.16,0.6,918288.89
5,1.6,776,0.27,59831,0.94,9,1986,1986,4.64,0.76,267625.41
1,1.7,2499,0.06,87174,0.73,20,1973,1973,3.09,0.68,445651.07
5,3.3,1727,0.78,41279,1.69,12,2004,2035,5.49,0.53,439668.04
5,1.4,4252,0.64,68220,1.47,5,1974,1974,3.94,1.41,854520.64
1,1.1,4235,0.77,90610,0.55,3,1956,1956,3.22,0.51,811878.29
1,2.2,1195,0.09,82719,1.26,11,2020,2020,4.07,1.24,294374.94
1,3.7,1809,0.85,83051,0.71,25,2020,2020,3.53,0.65,413198.54
1,3.2,4652,0.64,102013,1.56,4,1973,1973,4.26,1.41,916234.32
4,3.5,3734,0.59,86652,1.29,5,1960,1960,2.46,1.39,815361.7
3,3.7,4614,0.64,95524,1.73,1,2022,2022,5.99,1.15,923877.56
3,2.1,2811,0.87,112936,2.11,27,1961,1961,3.7,1.17,572726.09
1,2.6,3341,0.61,36470,1.1,28,1984,1984,3.39,0.51,579604.65
3,1.3,4708,0.6,97598,2.42,29,2012,2012,4.84,1.48,833859.81
3,2.0,4059,0.99,71798,1.57,18,2017,2017,3.46,1.38,765454.79
1,1.5,3898,0.77,83473,1.74,12,2006,2006,5.33,1.4,737192.18
3,1.8,1041,0.47,49880,1.86,13,1962,1972,3.82,1.16,317091.13
5,2.6,3194,0.72,130117,1.83,9,1972,1972,4.88,0.84,694071.7
2,3.0,1588,0.42,74439,1.52,2,1988,1988,2.43,1.39,465292.51
2,2.6,3863,0.27,44308,1.36,5,1961,1961,5.38,0.79,730695.38
1,2.0,524,0.62,121563,0.61,13,1983,1983,4.94,1.06,243749.14
4,2.6,2072,0.93,126256,0.54,16,2020,2063,2.85,0.6,520860.94
1,3.8,3458,0.93,65081,1.22,16,1980,1980,2.58,1.42,708160.2
4,3.9,4736,0.37,105242,1.17,24,2011,2011,3.27,0.64,856785.93
2,2.2,2267,0.55,80383,1.28,3,1962,1962,5.9,0.72,501360.61
1,2.2,2735,0.25,39837,0.78,22,1980,1980,3.03,1.06,494639.74
5,2.6,700,1.0,134135,1.98,4,1951,1975,3.82,1.26,397884.18
3,1.4,3698,0.98,82151,2.21,11,1964,1964,2.12,1.12,738533.74
4,2.8,756,0.67,148128,2.38,23,2006,2006,3.59,0.73,287919.01
3,2.9,4247,0.81,66824,1.48,26,1983,1983,4.29,0.5,748600.09
3,2.4,2741,0.73,63073,1.9,14,2017,2017,5.81,1.26,556924.67
1,3.2,3675,0.61,142651,2.21,29,1978,2015,4.07,1.49,690757.27
3,3.8,4106,0.1,127624,1.34,3,2015,2015,5.28,1.31,832947.27
5,1.3,3836,0.48,123648,1.12,16,1965,1965,4.19,0.96,765803.8
3,1.8,913,0.69,56299,2.37,22,1988,1988,2.16,1.4,280816.98
1,3.4,2514,0.69,129993,1.53,15,1986,1986,3.26,0.91,559700.09
5,3.7,1881,0.4,88861,1.49,28,1970,1970,4.3,1.02,428610.44
2,3.1,1598,0.94,60063,0.86,10,1993,1993,5.8,0.98,404215.44
3,2.6,3926,0.21,99453,0.72,9,1968,1968,5.44,0.95,745089.46
1,2.5,4155,0.53,98472,2.18,11,2020,2020,2.91,1.28,806027.64
2,3.6,1409,0.71,132166,1.73,16,1957,1957,2.88,1.03,428442.24
2,2.2,687,0.71,44506,1.15,10,2015,2022,2.8,0.82,273926.22
4,2.7,4544,0.67,124341,0.88,17,1990,1990,5.69,0.76,887042.67
5,1.9,4256,0.31,109854,1.61,19,2019,2019,5.41,0.54,797098.47
3,3.2,2515,0.2,143604,1.67,2,2010,2010,5.1,1.08,599065.56
1,3.1,2592,0.65,56026,0.91,24,1975,1975,3.57,0.73,506557.49
4,2.0,4144,0.62,57672,2.2,23,2020,2020,4.02,0.65,725738.84
5,3.6,2630,0.22,68417,0.67,2,2019,2034,3.86,1.15,598731.91
4,1.6,857,0.72,82413,1.21,6,1978,1978,3.01,1.18,320899.24
5,1.5,2922,0.48,95066,1.86,19,2015,2015,4.02,1.25,617071.9
5,1.2,4757,0.68,89213,1.05,8,1968,1968,2.12,1.0,920214.8
3,3.4,1997,0.85,80971,2.16,26,2017,2017,2.53,1.39,493622.54
5,3.6,2658,0.21,57281,1.98,29,2007,2007,5.55,1.44,524294.84
4,3.5,3055,0.07,143978,2.08,3,2019,2030,5.01,1.31,686417.03
5,4.0,2842,0.79,58091,0.74,26,2006,2006,3.69,1.14,590286.13
3,3.1,3451,0.63,80494,0.78,14,1986,1986,4.07,0.8,691434.08
3,1.7,1738,0.71,133864,1.07,25,2010,2010,3.48,1.48,424642.53
4,2.4,1473,0.85,143755,1.54,16,1979,1979,4.96,0.77,416833.71
2,1.4,4465,0.81,48610,2.0,1,2020,2020,5.14,0.7,835545.5
2,3.7,1550,0.96,31079,2.17,21,2022,2022,5.05,0.94,369799.89
5,1.7,4201,0.56,125386,1.91,3,1974,1974,4.89,0.56,846721.74
1,4.0,3280,0.51,76751,2.36,22,2014,2014,2.82,1.48,634580.02
5,3.1,2088,0.43,116126,1.98,26,1955,1955,3.35,1.09,502154.21
4,1.1,4378,0.2,85432,1.11,18,1967,1967,3.88,1.06,771589.57
4,3.7,2868,0.59,60951,1.03,9,1959,1959,3.32,1.16,653366.34
4,2.6,936,0.31,110863,1.89,6,1960,1960,5.02,1.0,340936.91
4,3.3,3328,0.93,108291,0.89,23,2014,2014,3.32,0.53,682320.68
4,2.1,2056,0.6,89872,0.69,21,2014,2014,2.55,1.11,490375.74
3,2.1,4358,0.61,37235,1.56,25,2001,2001,3.6,1.22,749193.92
2,3.9,1804,0.39,112733,2.14,1,2016,2038,5.92,0.92,466586.76
4,1.2,2884,0.1,92712,0.7,21,1980,1980,2.9,1.26,569087.73
1,2.3,682,0.08,51473,2.08,27,1966,1966,4.45,0.73,164916.72
1,1.2,2089,0.45,97567,2.12,10,2004,2004,3.73,0.72,458986.64
1,2.4,2087,0.13,136818,1.46,27,1985,1985,2.28,0.66,415415.79
1,3.1,1159,0.63,137399,0.61,6,1975,1975,3.95,0.87,372257.78
3,3.5,659,0.89,109823,0.85,23,2002,2002,4.81,1.35,286200.35
1,2.1,4453,0.89,134215,1.91,12,1966,1966,4.05,1.33,879643.44
4,3.8,1511,0.68,139999,1.92,4,1974,1974,5.49,0.88,475120.65
5,2.2,552,0.25,62230,2.3,28,1951,1951,3.16,1.09,209525.72
1,3.5,2807,0.87,114573,1.67,13,1954,1978,2.34,1.22,651517.82
3,1.9,1728,0.89,122588,0.75,17,1953,1953,5.75,0.74,441890.55
3,3.7,1535,0.24,98876,0.74,27,1985,1985,3.51,0.67,379579.72
1,1.5,4202,0.75,70644,1.94,8,1955,1955,4.31,1.47,796695.07
5,3.3,4545,0.32,78664,0.87,26,1970,1970,5.17,1.12,828549.28
1,1.3,4949,0.81,75203,1.16,20,1975,1975,3.3,1.48,892830.48
3,3.7,1764,1.0,96677,1.47,3,2004,2004,4.86,0.84,490859.43
2,2.0,2384,0.08,55425,0.55,12,1988,1988,2.54,1.2,470825.7
4,2.7,2309,0.9,114817,1.0,7,1982,1982,3.17,0.72,576911.66
3,2.6,3667,0.64,137585,1.32,12,1963,1992,2.58,0.76,768036.65
1,1.7,4297,0.97,115961,1.06,2,2005,2029,5.24,1.01,855996.53
4,3.5,2841,0.49,130342,0.77,24,1970,1970,2.89,0.82,597175.68
1,1.1,3914,0.86,127649,1.96,14,1995,1995,4.87,0.67,741832.76
1,3.6,1317,0.11,99806,2.13,22,1965,1965,5.77,0.76,324986.41
2,3.0,2937,0.37,72814,1.01,23,1965,1965,4.11,0.54,540862.21
4,3.2,1388,0.11,100219,2.05,5,1978,1978,4.16,1.2,410771.34
4,2.7,1167,0.98,79646,1.27,9,1957,1957,3.84,0.99,386879.66
2,3.2,3124,0.83,69884,1.51,21,1952,1991,3.3,0.59,619154.44
3,3.5,4732,0.86,125345,2.21,11,1968,1968,3.9,0.67,944356.63
1,3.1,1318,0.94,130088,2.0,5,2015,2015,4.41,0.6,406274.39
5,1.5,2688,0.13,148198,2.11,3,1971,1971,5.94,1.11,614508.42
1,1.8,1606,0.42,99322,0.77,27,1995,2032,5.75,0.59,339864.07
1,2.3,2724,0.12,51650,0.64,17,1962,1962,5.45,1.25,510446.15
3,2.7,697,0.25,124242,2.29,2,1982,1982,5.56,0.52,310345.17
1,1.8,3171,0.27,39190,1.28,24,1954,1954,3.87,0.75,535256.81
2,2.9,3992,0.5,68196,1.08,1,1976,2014,4.63,1.39,795913.24
2,1.2,2948,0.31,69449,1.95,7,1973,1973,5.58,1.22,564575.8
4,3.4,970,0.15,69661,2.17,14,2016,2020,3.57,0.57,298984.35
5,2.2,2448,0.21,59709,2.22,5,2012,2012,5.85,1.32,548584.39
1,3.0,4399,0.19,140965,1.13,19,1997,1997,3.66,0.99,800454.74
1,1.9,2510,0.97,110428,2.2,28,2012,2012,4.4,1.35,528065.6
3,2.5,4300,0.77,105179,0.58,28,1961,1961,4.84,1.1,781964.06
2,2.8,4618,0.97,39943,0.6,11,1977,1977,5.8,1.18,851993.52
5,3.5,4296,0.47,73240,1.75,23,1993,2019,2.98,1.49,842044.68
4,2.6,4488,0.31,75760,0.63,25,1992,1992,4.98,0.73,775169.44
2,3.1,734,0.81,51042,1.15,2,1966,1966,4.08,1.12,304442.51
4,1.8,1428,0.36,73894,1.85,8,1989,1989,3.07,0.96,379240.75
3,2.1,4107,0.33,36869,1.17,9,1998,1998,5.11,0.54,763231.08
3,3.8,1022,0.27,91078,0.86,27,2006,2006,4.21,0.51,266513.83
1,1.8,4023,0.17,86759,1.06,3,2013,2013,4.64,0.62,762592.33
5,2.7,2129,0.29,135973,1.42,2,2006,2006,3.29,1.15,577869.01
4,1.0,1816,0.39,74306,1.45,7,2019,2019,3.93,1.07,420633.96
2,2.3,3357,0.69,138369,2.07,5,1992,2006,4.47,1.05,710480.51
3,1.3,1624,0.11,85371,2.0,21,1972,1972,3.62,0.53,341759.96
1,1.4,3087,0.25,50918,1.41,26,1976,2002,2.79,0.97,516381.87
1,3.1,1523,0.82,58379,2.19,5,2007,2007,5.85,1.42,407715.62
4,1.9,1878,0.19,138475,0.73,20,1986,1986,4.05,0.9,455955.3
3,2.6,3874,0.38,120810,1.01,13,1955,1955,4.94,1.12,752537.55
5,2.3,2019,0.87,113232,2.16,21,2014,2014,3.64,1.28,510012.58
3,3.4,726,0.2,32962,1.26,29,1955,1960,3.42,1.28,206454.29
4,2.4,1391,0.13,43851,2.46,20,1999,1999,3.63,1.02,312234.61
4,2.6,4572,0.51,147626,1.43,29,1971,1971,3.64,1.36,862883.96
3,2.5,2757,0.34,75747,2.08,6,1974,1990,4.18,0.89,567362.59
4,1.9,3288,0.59,82349,1.3,20,2021,2021,4.17,1.39,642934.74
3,1.5,896,0.81,100832,1.35,18,2000,2000,3.99,0.74,278453.51
2,3.0,2578,0.18,86356,1.27,25,1997,1997,2.54,0.78,482069.27
3,3.9,4924,0.6,44745,1.94,2,2019,2027,3.98,0.55,936599.33
3,1.2,3737,0.53,35730,1.6,25,2014,2014,2.68,1.3,645231.68
4,3.9,4393,0.19,43921,2.39,26,2009,2009,2.5,0.92,786727.78
4,2.1,2505,0.64,128430,1.0,6,1995,1995,5.73,0.73,577740.31
1,2.8,2516,0.31,101138,0.7,9,1985,2009,4.42,0.73,531918.83
1,1.4,3671,0.51,113111,1.29,25,2007,2007,4.64,1.4,649495.49
2,2.9,3168,0.13,49023,1.73,3,1987,1987,3.61,1.33,624413.08
1,1.9,2378,0.49,75349,2.22,1,1960,1960,5.64,1.05,509983.77
3,2.8,1696,0.34,111533,1.19,1,1961,1964,4.55,1.12,485637.26
4,2.8,2272,0.83,113286,1.81,19,1991,2027,5.08,0.97,527205.41
1,1.3,661,0.1,71979,1.2,5,1988,2015,3.47,0.89,226729.03
1,1.1,4476,0.45,52837,1.73,13,2020,2020,5.84,1.42,771535.1
2,1.4,2251,0.49,44997,2.27,19,1960,1960,5.28,0.63,423538.75
2,2.2,1275,0.74,134975,0.96,12,1985,1985,5.42,0.92,372853.56
3,2.7,1439,0.6,118603,1.31,16,2001,2028,2.69,0.84,419400.87
4,3.3,3720,0.68,75039,2.49,25,1980,1980,3.08,1.0,709160.98
2,2.0,1039,0.79,50923,2.24,25,1982,1982,3.14,0.96,261689.7
1,2.6,1961,0.87,38876,1.63,19,1962,1990,3.08,1.02,410082.76
4,2.8,855,0.35,90973,1.53,3,1967,1967,5.42,0.64,317438.85
4,1.1,4104,0.56,32887,1.07,12,1990,1990,2.13,1.01,769635.66
1,3.9,3823,0.85,93723,1.53,5,2007,2007,2.3,0.74,789372.43
2,1.9,734,0.99,72422,2.2,2,2005,2005,3.1,0.68,302688.98
1,3.5,2048,0.9,132390,1.87,22,1973,2006,2.8,0.56,492513.14
4,2.6,2596,0.4,81413,1.08,7,2022,2022,2.93,1.26,604231.51
5,3.8,4713,0.24,132484,0.9,13,1980,1980,5.19,0.93,901771.17
5,2.2,2601,0.51,32841,1.03,25,2004,2004,4.25,1.13,510010.86
3,1.5,2173,0.75,58756,0.84,15,1959,1959,2.02,1.23,510263.8
1,1.4,2600,0.52,101576,0.69,22,2009,2009,3.72,1.18,505941.85
1,1.1,4157,0.51,148248,1.34,3,1951,1951,3.63,0.97,829303.87
3,3.4,4096,0.85,40304,0.73,28,1964,1964,2.46,0.89,761892.1
3,2.1,4248,0.39,60341,0.84,21,1952,1952,4.7,0.88,749370.18
3,1.0,3673,0.87,34758,1.59,20,1992,1992,4.81,1.14,652990.05
4,1.1,2315,0.44,47010,0.83,5,1980,1980,4.88,0.99,486576.72
1,3.0,4341,0.36,90758,0.63,24,2019,2043,4.91,1.35,758773.76
4,1.5,2505,0.48,61658,1.13,8,2016,2065,2.0,1.37,555498.64
3,3.0,4993,0.77,79002,0.94,22,2005,2018,5.82,0.67,907537.05
1,2.4,1174,0.17,133318,1.53,1,2012,2012,5.26,0.64,367821.18
4,2.3,886,0.24,31375,0.7,8,1964,1964,5.62,1.13,271544.71
4,2.5,2658,0.95,129485,2.0,24,1959,1959,2.06,0.8,614559.11
3,2.4,3161,0.22,52092,2.31,18,1987,1987,5.74,0.52,567077.67
1,3.1,2564,0.59,30490,1.99,20,1996,1996,5.24,1.39,505652.92
3,1.6,4351,0.6,33729,1.57,28,2006,2006,5.35,0.73,724714.61
1,3.2,3753,0.52,35974,2.22,16,1999,2007,2.37,1.43,712968.02
5,1.6,4766,0.66,148222,1.89,18,2020,2020,4.96,1.22,903075.74
2,3.7,1239,0.27,115216,0.52,20,1964,1964,5.84,1.26,325573.53
2,2.2,1901,0.58,113860,1.29,12,1967,2012,4.71,0.7,457948.61
2,1.1,3759,0.4,126870,2.2,13,1951,1951,4.28,0.73,709098.76
3,1.8,2777,0.68,51398,1.19,13,1992,2032,5.78,1.02,579058.97
5,3.5,4404,0.18,64650,0.57,10,1975,2024,3.77,0.67,846091.11
1,3.1,4423,0.59,51292,1.99,7,2020,2034,4.4,0.81,813618.35
4,2.0,4714,0.23,131291,2.1,25,1987,1987,3.91,0.82,836043.08
1,3.1,3727,0.31,133889,0.82,14,1991,1991,5.73,0.66,720421.07
4,3.7,3331,0.26,33159,1.57,24,1954,1954,2.3,0.71,620072.86
1,4.0,4258,0.22,128162,0.88,16,1960,1960,4.0,1.29,810195.95
5,2.2,3012,0.83,92766,1.94,15,2014,2014,4.75,0.67,622480.8
4,2.1,2651,0.32,124887,1.04,12,1983,1983,5.17,0.53,574737.6
3,3.1,4175,0.93,132834,1.13,9,1950,1950,4.33,1.13,852155.56
1,3.3,3245,0.97,47065,2.19,8,1951,1951,5.64,1.48,664753.3
1,2.1,4366,0.59,51638,1.45,18,1969,1987,5.77,0.83,777660.15
4,2.7,4264,0.19,31073,1.84,23,2010,2026,2.26,0.62,726636.51
3,1.1,2722,0.41,76511,1.3,18,1970,1970,3.61,1.07,550632.34
3,1.5,3292,0.81,114307,1.1,13,2017,2017,2.09,1.41,695608.76
5,3.0,2197,0.4,130997,1.75,28,1961,2006,3.32,1.28,527645.73
3,3.8,3962,0.13,137866,0.81,27,1971,1971,4.15,1.12,735677.0
3,3.6,4563,0.58,59320,1.25,18,1969,1998,5.64,0.82,827660.65
3,3.3,2024,0.85,99876,0.92,15,1950,1980,5.39,1.04,515295.56
2,3.6,532,0.81,64924,1.89,4,1979,1979,2.51,0.59,272473.53
5,1.5,4525,0.22,111720,2.39,17,1973,1995,2.37,1.18,859295.51
1,2.4,3066,0.69,70734,2.49,5,1963,1963,4.36,1.23,622222.34
4,3.1,3303,0.26,98116,1.4,22,1985,1985,4.13,1.47,660120.24
1,1.9,4396,0.26,70025,1.01,16,2018,2018,3.07,0.76,781227.03
5,3.4,4209,0.88,124503,1.39,9,1973,1973,5.6,0.52,890637.68
4,2.2,1219,0.29,32159,2.19,10,2009,2031,5.71,1.05,316145.19
5,1.4,1472,0.3,78940,0.91,24,2004,2004,3.61,1.21,348407.78
3,2.4,4218,0.05,109436,2.4,18,1973,1973,5.56,1.29,789687.2
4,2.8,4902,0.88,106976,1.18,17,1973,1973,3.54,0.69,924583.61
3,1.7,2707,0.8,44678,2.47,18,2003,2027,4.95,0.76,529813.92
1,1.8,4926,0.65,91075,2.18,7,1975,1990,3.9,1.01,899253.44
1,1.0,4820,0.76,77204,2.12,4,2015,2051,2.49,0.83,890583.27
4,1.4,3530,0.19,42021,1.14,26,1987,1987,5.71,1.36,601983.75
4,1.5,4075,0.49,36772,0.52,5,2014,2014,3.82,0.97,751547.18
5,1.0,3616,0.38,97163,1.26,28,2000,2000,4.94,1.3,678910.29
5,1.3,3785,0.14,139968,1.1,23,1984,1984,3.47,1.08,717177.58
3,3.8,1143,0.51,103755,0.57,16,1992,1992,2.08,1.27,393169.3
4,2.1,694,0.92,53464,1.51,3,1978,1978,2.4,0.83,329155.89
1,1.5,4496,0.09,81137,1.31,26,1986,1986,3.98,1.33,753337.07
5,3.2,988,0.33,60232,1.77,18,2007,2048,4.76,0.77,321586.19
5,3.0,2704,0.25,91497,1.74,29,2003,2003,3.34,1.05,554859.05
1,3.2,3157,0.28,138017,0.74,23,1988,1988,4.78,0.71,626212.38
5,3.0,3776,0.91,104024,2.45,21,1991,1991,4.79,0.98,777750.01
3,1.8,1602,0.49,130485,0.87,14,1977,2017,4.82,0.82,424521.12
4,4.0,1741,0.49,139898,1.39,15,1978,1995,3.97,0.77,481582.23
1,2.5,1015,0.77,81448,1.48,17,1992,2032,5.66,1.47,311049.46
4,2.1,892,0.2,135468,2.13,1,1952,1952,3.96,0.66,345900.0
5,2.5,1130,0.51,114517,0.7,25,1959,1986,3.8,1.29,334467.36
5,3.5,4216,0.46,30901,1.36,21,2008,2008,2.8,1.48,800124.9
1,1.8,2347,0.62,117980,1.76,17,1963,1963,3.23,0.52,477204.63
3,3.1,3155,1.0,137594,0.93,23,1996,2000,2.17,1.2,668256.34
2,3.5,1479,0.78,113597,1.75,25,1991,1991,4.53,0.75,388056.79
1,1.2,3902,0.43,32881,2.35,11,1981,1981,2.99,0.54,697635.86
2,1.3,4371,0.84,59863,2.5,17,1981,1981,3.22,0.9,804858.04
2,1.7,777,0.21,141362,0.56,26,1991,1991,5.08,1.44,253413.92
3,2.5,732,0.08,35622,0.97,14,1981,1982,3.31,0.51,200237.27
2,1.4,2052,0.24,31378,1.12,29,1975,1975,2.97,1.09,372939.68
2,3.4,3770,0.37,113168,1.3,20,1950,1950,2.68,1.0,717666.45
3,1.5,2909,0.54,123847,0.98,19,2005,2005,5.1,1.37,600616.37
2,3.8,4012,0.63,101186,0.91,21,1951,1951,2.52,0.58,755300.38
2,2.9,525,0.92,75201,2.41,7,1979,1979,3.82,1.18,298138.91
2,4.0,960,0.53,137760,2.34,24,2020,2020,4.03,1.18,324911.15
1,3.8,4264,0.53,89251,0.59,13,2001,2001,4.75,1.17,797196.03
1,1.3,3931,0.1,102572,1.18,18,1958,1958,4.53,1.44,695302.87
1,1.7,3983,0.08,69255,1.31,23,1971,1977,5.24,1.32,660879.35
3,3.4,2494,0.57,93212,0.98,14,1983,1983,2.18,0.54,550348.64
5,1.3,990,0.47,80210,1.76,1,1998,1998,3.19,0.97,331343.21
2,2.8,1572,0.85,146736,1.78,7,1950,1950,3.12,0.9,469315.28
2,2.0,3673,0.2,52499,2.2,8,2022,2022,2.58,0.81,670109.3
3,1.9,715,0.07,132552,1.98,18,2002,2019,3.16,0.95,242597.34
2,2.5,2223,0.48,81628,1.59,9,1989,2010,3.24,0.88,488406.76
1,1.6,2092,0.28,91360,1.81,1,1994,1994,4.09,0.93,471293.09
5,3.7,3106,0.1,34603,1.05,29,2017,2024,4.65,1.48,585843.81
4,3.9,658,0.74,123309,1.69,22,1958,1958,3.52,0.59,307979.87
2,2.6,3813,0.16,115473,1.48,17,1971,1971,4.88,1.42,714584.53
1,1.6,3341,0.63,42632,0.77,19,1967,1967,3.34,0.98,592222.05
4,1.1,2276,0.32,60607,0.99,27,1992,1992,3.16,1.12,439012.81
5,2.5,2552,0.21,121873,1.08,6,1988,1988,4.16,1.33,585152.7
4,3.2,2795,0.41,95756,2.35,3,2022,2043,2.09,0.86,648989.65
1,2.7,2196,0.81,76994,0.96,24,1955,1955,2.32,0.93,453883.06
4,3.5,3493,0.42,93382,1.08,5,1997,2032,3.67,0.91,760434.71
3,1.7,2969,0.76,100354,1.24,2,1956,1976,5.77,0.87,662527.52
4,3.0,2446,0.17,86344,1.83,20,2018,2018,4.89,1.43,522920.48
2,2.1,4309,0.78,83775,0.74,25,1965,1965,2.35,1.33,795551.92
2,1.7,3283,0.28,37349,2.41,4,1950,1950,5.39,0.61,629204.26
3,2.1,4144,0.69,101154,2.23,10,1986,1998,4.93,0.61,804279.85
1,2.1,3000,0.59,57464,1.65,10,1986,1986,4.44,0.93,568537.04
2,3.0,4145,0.93,72624,1.85,24,2013,2013,5.28,0.6,772056.98
5,3.0,3145,0.42,67344,0.53,21,2011,2011,3.62,1.12,614691.82
2,3.7,2849,0.11,113791,1.18,11,2021,2021,2.89,0.64,600617.33
2,1.4,2432,0.07,54299,2.09,27,2010,2010,4.05,1.02,428501.82
1,3.3,3794,0.84,77975,0.65,16,1982,1982,4.2,0.51,702485.24
4,1.3,2257,0.55,31462,1.06,26,2015,2015,4.15,0.82,446897.56
2,3.8,1616,0.79,111441,1.67,29,1979,1979,4.26,1.18,397129.19
3,2.7,3067,0.27,120456,1.01,29,1969,1969,5.79,0.98,583382.97
4,3.2,3999,0.38,111788,2.37,17,2009,2009,5.61,1.48,795116.99
5,3.2,992,0.08,136540,0.76,16,1973,1973,5.5,1.37,331912.31
1,1.1,3806,0.96,70581,2.09,7,1953,1953,5.21,0.86,742274.65
5,2.7,1119,0.68,130372,1.52,16,1986,1986,5.77,0.55,357095.26
4,3.8,3732,0.94,101289,2.0,3,1953,1953,2.39,1.35,818459.79
4,2.3,4323,0.3,135541,1.12,26,1967,1967,3.06,1.41,812189.52
4,3.0,2880,0.63,44175,1.53,16,2015,2015,3.98,1.32,613182.63
5,3.1,2046,0.69,36191,2.21,8,1997,1997,5.39,0.63,480435.84
4,3.0,4063,0.35,113434,1.43,12,1982,1982,4.02,1.5,805273.52
5,3.3,2105,0.86,114518,1.22,3,2007,2007,4.99,0.76,559007.52
4,2.8,4252,0.95,110158,1.57,17,2022,2071,2.56,1.22,857409.53
3,3.6,2390,0.89,96537,1.93,21,1977,2020,3.01,1.41,571501.18
4,1.4,1775,0.75,145721,1.39,18,1984,2025,4.93,0.74,464282.53
5,2.2,3243,0.31,77645,2.38,11,1959,1996,2.66,1.41,679079.58
2,3.1,2993,0.32,138536,1.09,4,2014,2014,3.41,0.81,647668.22
4,3.6,856,0.97,53283,1.45,16,1991,1991,3.06,1.48,344375.96
2,1.8,1369,0.06,116971,2.01,17,1958,1958,3.4,0.78,319873.66
3,2.6,1385,0.73,122759,1.88,9,2009,2009,4.83,1.45,420174.64
1,3.5,2501,0.72,89123,2.23,6,1964,1964,3.47,0.55,564251.43
3,1.0,1783,0.64,132780,2.49,24,2006,2026,4.22,1.21,402106.48
4,4.0,1119,0.99,60024,1.35,27,2018,2018,2.4,1.03,330234.14
2,2.8,1382,0.35,79630,0.72,20,1971,1971,5.22,0.98,341108.3
2,3.3,1296,0.37,60734,0.56,25,2013,2013,3.48,0.72,322801.03
5,4.0,4142,0.12,30515,1.95,2,1990,1990,4.59,1.21,807802.74
2,3.6,3925,0.47,140782,2.25,9,2020,2020,4.9,0.69,799353.68
5,3.6,1796,0.3,96727,0.94,28,2005,2010,2.84,1.05,447182.09
1,1.7,744,0.38,127800,0.82,21,1972,1972,5.54,0.75,248141.77
4,1.8,3395,0.84,139164,0.62,29,1974,2004,4.46,1.46,698400.55
5,2.7,1429,0.94,76216,2.15,6,1955,1955,3.71,0.53,446347.62
1,1.1,1019,0.23,101833,1.12,3,1983,2026,2.73,0.7,304051.04
2,1.3,3712,0.4,88755,1.3,20,2012,2012,5.77,0.74,649014.68
2,2.9,2909,0.93,57856,1.51,6,1958,1958,5.02,0.91,626750.37
1,1.2,507,0.11,144959,2.18,7,2009,2009,2.83,0.73,225802.5
2,1.4,3025,0.14,103870,1.8,1,1998,2036,3.35,0.99,637745.85
1,2.4,3923,0.2,54162,1.73,23,2000,2016,5.24,1.37,687001.96
5,2.4,2519,0.62,36008,0.85,1,2009,2009,4.78,1.21,566992.81
5,2.6,4782,0.19,37987,1.53,5,2019,2019,5.06,1.08,873594.96
1,3.9,4167,0.97,92532,1.93,6,1986,2009,3.76,0.59,850340.31
5,3.2,4171,0.47,126502,2.45,13,1980,1980,4.87,1.19,840727.11
5,2.1,3301,0.53,33332,0.9,2,1990,1990,3.55,0.67,686118.06
5,2.2,585,0.28,96323,0.52,15,2011,2011,2.85,1.29,276884.98
3,2.9,3615,0.5,68990,0.65,15,2007,2007,4.53,0.75,702009.16
4,3.6,4732,0.68,39873,1.25,13,1963,1978,5.9,0.92,879553.31
2,3.3,2968,0.76,112542,2.14,26,1985,2014,3.24,0.85,595072.41
3,1.8,4119,0.77,115761,0.51,25,1985,1985,3.84,1.36,762523.63
5,1.9,2136,0.6,66444,1.41,14,1957,1957,4.7,0.63,494481.09
1,2.8,4083,0.91,65340,1.16,26,1975,2024,4.17,1.07,736686.75
5,3.9,4509,0.83,135219,0.6,22,1985,1985,5.37,0.64,892804.86
4,3.3,3826,0.77,35033,1.4,7,1997,2012,5.05,1.2,752866.86
5,3.8,2718,0.1,103324,1.01,14,1977,1977,2.23,1.41,630213.86
1,2.5,2717,0.06,45689,1.2,26,2017,2017,5.99,0.93,479003.89
4,1.8,2869,0.25,139756,1.91,24,2011,2055,5.01,0.99,571299.09
5,2.7,4138,0.68,117134,1.54,27,2000,2000,5.46,1.43,804844.07
4,1.8,3003,0.44,133016,0.75,29,1991,1991,4.6,1.02,587832.0
2,1.7,1443,0.43,125239,2.42,10,1978,1978,5.43,0.99,385088.07
2,2.2,3337,0.89,30066,1.77,17,1959,1959,2.45,1.08,664866.47
5,1.5,3160,0.9,144159,2.03,14,1988,1988,3.39,1.19,711358.79
4,2.0,3436,0.91,75246,0.66,8,1950,1973,5.51,0.61,722837.38
1,3.9,4944,0.35,37533,0.59,4,1988,2017,2.81,1.32,932524.13
5,1.0,4447,0.71,110639,0.54,26,1970,1970,2.31,0.94,806987.93
2,2.2,2176,0.31,100152,0.88,16,2014,2014,5.15,0.57,474675.53
2,2.1,1696,0.23,141581,1.33,24,1964,1964,5.34,1.29,399158.97
5,1.7,4605,0.23,145828,2.37,13,1953,1953,2.65,0.88,898607.76
4,3.8,3287,0.38,89658,1.41,22,2009,2009,5.42,0.6,644975.22
2,3.2,1961,0.46,68498,1.08,27,2010,2052,4.75,1.13,405348.6
4,1.5,3818,0.84,139028,1.62,25,1969,1969,4.08,1.38,733416.05
2,1.8,1166,0.16,41772,0.72,27,1959,1964,5.32,1.39,255478.02
2,2.7,2676,0.75,119385,1.72,20,1983,1983,3.68,1.46,593819.15
3,1.5,4243,0.55,79036,1.64,18,1997,1997,2.78,1.37,778496.91
2,3.6,1100,0.32,88531,2.08,14,1982,1982,3.14,0.5,321963.85
1,1.5,3152,0.52,149159,2.47,18,2010,2010,4.02,0.88,625903.23
5,2.3,4922,0.33,42940,1.0,5,1959,1959,4.13,1.32,940651.51
5,2.6,4324,0.62,148027,1.52,26,2003,2044,5.22,0.87,814687.42
4,2.7,4406,0.46,46932,2.32,9,2014,2014,5.17,1.1,835494.45
2,2.9,1479,0.21,125305,2.07,28,1950,1954,4.33,1.11,360000.69
1,2.6,2951,0.16,86827,1.47,3,1954,1954,5.12,0.87,602767.71
4,1.8,1128,0.57,91431,2.39,8,1964,2010,2.77,1.4,366540.06
3,1.2,2129,0.91,54648,0.61,20,1977,1977,2.2,1.0,467114.05
4,1.5,4196,0.38,142947,2.36,22,1972,1993,5.49,0.96,781349.18
4,1.0,3930,0.75,62966,0.6,10,1966,1966,2.3,1.5,761476.2
2,2.2,4174,0.68,57777,1.59,22,1962,2005,2.99,0.99,737410.13
3,3.7,4429,0.93,62567,2.28,19,1963,1981,4.78,0.68,847081.69
4,2.0,3265,0.83,145259,1.03,21,1960,1960,3.64,1.01,690612.04
1,3.1,4869,0.59,47174,1.44,28,1977,1977,5.51,1.31,836378.73
1,1.4,615,0.67,72598,1.15,3,1991,1991,3.19,1.28,246058.41
5,1.8,2503,0.9,89199,2.4,11,2010,2030,2.05,1.29,619153.37
3,3.2,1192,0.43,43798,2.15,11,2013,2013,3.2,1.21,354363.2
3,2.6,3662,0.36,95364,1.92,17,1980,1980,4.31,0.75,705833.6
5,1.7,1605,0.06,47558,1.68,16,2022,2022,3.5,1.36,377321.9
4,1.6,3508,0.84,91084,2.14,7,1959,1959,4.14,1.39,734223.44
3,1.2,2661,0.81,74237,1.28,4,1957,1960,5.51,0.69,568850.23
1,3.4,653,0.15,95497,1.4,23,1970,1970,5.65,0.63,219315.48
1,2.8,4199,0.6,30178,1.96,19,2008,2008,3.06,1.48,768108.71
2,3.6,4910,0.49,146932,1.22,12,1999,2030,3.85,1.37,953223.76
3,3.0,4286,0.16,116006,0.63,15,2018,2018,4.2,1.39,810199.78
4,2.8,1564,0.98,47118,0.65,11,2019,2019,5.8,1.39,431067.39
5,3.0,4700,0.25,52616,0.73,5,1979,1979,5.99,1.04,876863.73
5,2.7,2413,0.11,30798,2.24,5,1966,1966,2.94,1.15,528235.1
4,1.2,1716,0.62,37601,1.44,15,1969,1969,4.91,1.05,394681.22
2,3.0,2901,0.75,55363,1.93,29,1997,2038,3.51,0.55,560462.89
5,1.4,2272,0.08,32795,1.29,18,2022,2022,2.03,1.25,453092.41
3,3.3,2460,0.68,127462,1.02,11,1951,1951,2.04,1.01,612694.75
2,3.1,3280,0.56,75264,1.19,26,1986,1986,3.84,1.15,609301.1
3,1.3,3371,0.15,132892,2.09,12,1950,1950,3.95,1.0,648644.84
1,3.9,1160,0.21,102833,1.75,2,1953,1972,2.09,0.99,400023.7
2,3.0,3135,0.59,33084,2.38,20,2003,2003,4.75,0.67,577806.74
5,1.4,2829,0.33,125865,1.86,15,1974,1974,3.18,0.78,606757.43
2,3.4,4454,0.94,106646,1.64,20,1952,1952,4.24,0.66,864219.71
2,1.7,2950,0.83,30731,1.72,4,1958,1958,3.2,0.7,606627.72
2,2.9,1632,0.98,31129,2.38,22,1983,1983,2.67,1.47,407239.51
2,2.6,1199,0.3,58022,2.08,18,1992,1992,3.63,0.65,289108.13
3,3.4,2538,0.97,31605,0.55,6,1971,1971,2.93,0.77,573207.09
1,2.4,2679,0.46,107506,1.57,23,2019,2064,4.14,1.09,532198.92
4,1.7,3338,0.38,139241,1.88,27,1951,1951,2.8,1.11,659969.21
2,2.0,1373,0.1,74130,2.0,26,2015,2052,4.03,0.65,281608.99
5,1.6,583,0.1,59265,0.93,19,1981,1982,2.63,1.29,226266.06
2,1.4,1922,0.71,62330,2.23,11,1965,1965,4.68,1.29,429594.22
5,2.8,3175,0.49,98469,2.41,28,1950,1950,5.02,0.74,641210.54
3,3.1,3680,0.27,45187,0.97,24,2021,2021,2.44,0.79,677408.98
5,2.6,4816,0.63,55791,2.27,2,1997,1997,3.87,1.44,942895.26
4,1.5,4475,0.29,120436,0.69,27,1999,2046,2.28,1.33,809257.25
1,1.6,1891,0.6,100610,0.61,8,1962,1962,4.39,1.2,428849.72
5,2.1,3718,0.39,142341,0.76,29,1964,1964,3.06,0.58,706652.86
5,3.6,4707,0.83,121962,0.62,11,2002,2002,4.11,0.92,946289.68
1,3.6,1114,0.83,69867,2.19,5,1993,1993,4.07,1.06,362833.01
4,1.6,3471,0.5,146178,0.62,18,1957,1957,5.7,0.69,685851.87
2,1.6,4065,0.38,30893,1.04,23,1995,2005,4.2,0.95,673559.72
5,3.7,4076,0.39,129694,0.71,18,2018,2018,4.33,1.1,814581.03
1,2.8,770,0.82,49773,1.09,14,1968,2012,3.61,0.83,275181.41
3,1.3,4566,0.36,34239,0.68,22,1987,1987,5.8,1.28,766273.96
1,1.8,2968,0.25,50863,1.84,10,1960,1960,5.11,1.34,551200.69
3,3.5,1890,0.13,81415,0.77,3,1992,1992,3.14,0.82,484889.19
4,2.1,3854,0.49,98968,2.2,9,1969,1969,5.38,1.34,762952.29
2,3.1,4635,0.51,130675,2.13,3,1969,1969,3.73,0.6,915928.76
1,2.3,4107,0.85,90430,0.53,11,1970,1990,5.31,1.34,795480.21
5,2.8,3083,0.26,149000,2.29,12,2006,2047,5.29,0.65,665167.32
4,2.7,4573,0.41,31515,0.56,12,1999,1999,2.76,0.58,829497.84
1,1.8,3575,0.82,127206,0.98,3,1975,1975,4.8,1.14,729172.8
5,3.5,4406,0.83,144210,0.56,21,1979,1979,3.16,0.97,896679.6
1,3.4,789,0.42,134630,1.17,7,2022,2024,3.19,1.41,335831.45
3,2.1,2980,0.49,44605,1.53,14,1980,1980,3.19,0.86,575668.53
1,1.3,3752,0.34,86240,2.09,24,1991,2005,4.9,0.79,649021.4
1,1.4,778,0.94,35586,1.18,28,2017,2017,2.92,1.0,214992.13
1,3.1,3424,0.16,131221,1.91,11,2010,2010,2.0,0.96,672387.52
4,1.2,1080,0.94,144205,0.88,7,2010,2022,4.86,0.84,364406.48
1,1.6,753,0.7,61186,2.0,25,2019,2019,2.68,1.19,203079.94
5,2.7,4776,0.55,56928,0.97,21,2017,2017,2.42,1.26,904999.23
3,2.0,1324,0.08,128264,0.79,10,1966,1966,2.95,1.35,397445.72
3,2.9,4332,0.5,113087,0.87,11,1968,1968,3.52,1.47,858571.21
1,3.6,1199,0.44,117029,0.86,15,2000,2000,3.9,0.77,350321.49
4,1.4,1880,0.2,50711,1.53,19,2019,2019,2.18,1.22,410673.74
4,3.6,4396,0.67,84962,2.19,16,2012,2055,5.88,0.89,832413.72
5,3.8,2173,0.97,50039,0.66,22,1979,1979,4.86,1.18,509889.1
1,1.1,3227,0.58,66561,1.91,21,1974,1977,3.29,0.98,569395.95
3,1.4,3656,0.73,105483,1.81,28,2020,2020,3.27,1.49,683317.64
4,3.8,3888,0.12,127871,2.25,20,1975,1975,3.79,1.23,766530.19
1,1.4,4807,0.45,111395,0.99,12,2005,2005,4.5,1.45,860686.22
4,2.6,883,0.16,118658,1.4,18,1971,1971,2.59,1.33,315642.64
4,2.6,841,0.63,31577,2.35,23,1968,1968,2.76,1.4,270377.57
3,1.2,2487,0.94,137792,1.82,13,1980,2006,5.44,1.31,562056.45
2,3.4,4559,0.68,58350,1.28,5,1975,1975,3.03,0.96,872587.9
5,1.3,3609,0.12,146908,0.76,4,1991,1991,3.52,0.75,735892.43
5,1.0,4582,0.39,137468,1.02,28,1990,1990,5.49,0.87,837638.93
3,3.0,3298,0.57,63798,1.66,14,1972,2019,4.65,0.52,671550.89
4,3.8,3740,0.43,127434,1.94,8,1996,2038,3.37,1.02,779435.08
1,2.3,2488,0.84,111417,0.75,9,1962,1962,4.73,1.01,543944.25
4,3.5,3914,0.82,40785,1.7,25,2015,2015,2.08,1.03,739644.61
3,2.3,2349,0.63,102227,1.6,19,2015,2015,4.94,1.47,534213.96
5,3.9,805,0.4,148680,1.53,3,1965,1965,3.95,1.41,376308.82
4,1.3,4113,0.29,91957,1.88,5,2022,2022,5.25,0.66,775322.21
5,2.4,3249,0.15,95431,2.17,21,1977,1977,5.82,0.87,645312.3
1,2.9,1635,0.39,47297,1.15,26,1984,1984,5.7,0.92,330674.0
5,2.8,705,0.44,101894,2.28,18,1990,1990,5.64,0.86,292888.27
5,1.2,3950,0.69,146869,0.82,1,1980,1980,4.05,1.3,826908.13
2,1.8,4311,0.68,93772,0.85,8,1981,2000,3.44,1.02,842833.2
2,1.5,4122,0.12,49581,1.03,19,2003,2013,3.86,1.07,722328.47
2,1.5,4099,0.43,85192,0.74,17,2021,2021,4.76,1.35,737252.87
5,1.1,3051,0.22,31462,0.96,17,2008,2008,5.54,1.31,576275.26
3,2.1,4808,0.2,94173,0.71,11,1990,1990,2.83,0.63,887141.82
5,1.7,809,0.84,45511,2.14,2,2015,2015,5.67,1.21,321491.5
3,2.5,3208,0.09,106106,0.78,6,2003,2029,5.26,0.94,669045.24
3,1.4,2491,0.45,78665,1.99,22,1989,1989,5.92,0.79,486996.41
2,3.7,771,0.21,74414,0.6,14,1977,1990,5.52,0.55,237617.87
4,2.8,4142,0.89,111010,2.4,3,1986,2018,3.12,0.99,864919.7
1,3.2,4586,0.58,102573,1.92,12,2014,2014,2.42,0.86,876731.38
2,2.6,2322,0.27,123665,0.51,4,2004,2004,2.45,0.75,539795.99
2,3.1,3773,0.53,137803,2.03,12,1953,1953,3.16,1.19,788852.44
4,1.8,4849,0.74,149682,1.53,13,1959,1959,4.46,1.27,946995.79
1,1.7,1020,0.96,43386,2.06,2,1996,1996,5.22,0.74,324866.28
5,2.0,1476,0.26,84460,1.54,2,1963,1963,5.6,0.55,410989.15
5,2.1,4222,0.89,36221,1.78,15,1987,2024,4.5,1.35,796359.53
2,3.1,4051,0.94,53474,2.07,23,1961,1961,2.02,0.51,727495.24
1,1.3,4605,0.92,136073,1.31,29,1994,1994,2.75,1.44,824206.71
2,3.3,3273,0.65,145375,0.51,17,1966,1966,2.4,1.13,696648.24
3,3.2,3052,0.65,142660,2.2,7,1984,1984,3.45,0.82,678250.95
2,1.9,3332,0.43,51045,1.26,28,2015,2015,4.01,0.75,568729.26
2,1.2,4407,0.76,121319,1.49,14,1990,2001,2.17,0.51,822110.4
5,3.3,652,0.55,146582,0.52,12,2016,2016,3.39,0.74,346430.13
5,1.8,3464,0.69,135693,1.48,17,1978,1978,2.72,0.64,720603.15
5,1.4,3416,0.46,34922,2.47,14,1967,1967,4.59,1.11,642080.61
3,1.8,3300,0.74,141943,1.06,6,1969,1969,3.86,0.67,688461.39
5,2.1,2252,0.83,52706,1.29,19,1963,1997,3.98,1.03,507502.84
1,3.5,3110,0.19,72771,1.87,24,1983,1983,3.71,1.09,595566.74
4,3.0,4375,0.84,82335,2.13,6,1998,2023,5.82,0.8,856619.36
1,2.1,1604,0.56,128015,1.33,27,2003,2003,2.86,0.54,363885.98
1,3.9,3036,0.85,82949,1.12,18,1980,1980,4.07,0.54,611285.41
5,1.1,4699,0.46,100714,2.38,24,2007,2007,4.94,0.53,848162.51
4,3.5,4354,0.41,125558,1.85,5,1991,1991,4.23,1.24,901692.25
4,1.4,3994,0.92,45240,0.74,24,2007,2007,5.72,0.82,725413.68
4,2.3,2414,0.29,121756,0.64,24,1979,1981,3.51,1.3,532010.55
3,1.9,3572,0.85,132272,1.47,6,1974,1974,3.85,0.93,757951.96
5,3.0,1506,0.51,32716,0.94,2,2012,2012,2.35,0.95,445871.35
4,3.7,906,0.54,46574,1.01,8,1968,1968,4.44,1.01,324042.26
3,4.0,666,0.34,141815,2.26,15,2021,2021,3.15,1.21,319084.29
2,2.6,1008,0.59,113255,0.68,15,1957,1957,2.64,0.77,308193.39
2,2.9,2161,0.36,103717,1.93,11,1952,1952,4.18,0.62,489208.47
3,3.1,4164,0.09,141299,1.04,22,2016,2016,4.13,1.06,769685.62
3,1.4,3989,0.31,74066,2.02,22,1966,1966,2.3,0.83,725670.31
5,2.3,1180,0.06,145066,1.94,24,1963,1963,4.79,0.94,346950.25
5,3.7,3024,0.98,91826,0.51,1,1958,1958,4.5,1.15,720349.38
2,4.0,2620,0.97,50213,1.52,18,2011,2011,2.76,0.99,569275.13
4,2.3,4857,0.43,101916,0.78,12,1970,1970,3.88,1.12,922629.0
2,2.7,1863,0.74,96151,2.23,12,1986,2009,4.88,1.04,462292.34
4,2.2,1831,0.38,147018,2.24,25,1960,1960,4.12,1.24,445284.71
4,1.6,2792,0.69,80906,1.34,11,1969,1969,3.58,1.21,617118.13
5,1.5,2038,0.82,30463,1.39,28,1984,1984,3.29,1.03,444395.04
1,4.0,3908,0.95,61973,1.11,8,2002,2002,4.44,1.18,784007.24
1,2.6,1060,0.43,104694,1.93,28,1996,2022,5.76,1.37,280337.64
3,1.3,1599,0.79,50651,1.22,7,2001,2001,4.69,0.93,387931.83
5,2.1,2403,0.3,98694,1.04,23,1957,2004,2.3,0.91,516918.05
4,3.2,674,0.99,50008,1.36,21,1953,1957,3.84,1.26,265690.49
1,1.2,2656,0.07,141738,0.68,2,1976,1976,5.56,1.08,552906.87
4,1.3,2730,0.62,100474,1.99,11,1993,1993,2.38,0.57,601003.56
1,1.9,4787,0.68,68185,0.53,22,1989,1989,5.96,1.39,817753.82
1,3.6,4660,0.7,117924,1.79,10,1996,1996,5.8,0.53,885499.41
1,2.5,4420,0.16,104417,0.87,3,1993,1993,2.31,1.25,854706.41
5,1.1,1997,0.94,101139,0.96,20,1997,1997,5.73,1.26,485851.27
2,3.9,4354,0.22,64980,1.77,29,2001,2001,3.45,1.45,765512.93
4,2.7,3671,0.64,52504,2.49,10,2017,2017,5.38,0.55,713453.08
5,3.1,2067,0.26,84970,2.06,28,1960,1960,3.67,1.1,447468.68
5,2.7,1651,0.34,46766,0.95,27,2022,2050,3.76,0.93,374875.76
5,3.5,868,0.57,146944,0.85,18,1953,1953,4.54,0.83,350170.43
5,2.1,542,0.45,123922,2.23,14,2022,2059,5.1,0.59,279604.24
5,1.5,2407,0.2,41695,1.39,18,1997,1997,2.14,1.06,499332.5
3,2.5,3990,0.21,47796,0.77,28,1975,1975,4.37,0.98,689463.69
4,3.2,3035,0.45,72543,2.22,24,1988,1988,2.75,0.6,591338.65
5,3.9,4673,0.77,44559,2.13,8,2007,2007,3.38,1.11,909445.21
4,2.8,3373,0.9,134450,2.47,10,1968,1968,3.39,1.24,766281.3
3,1.7,2324,0.13,63139,2.32,22,2007,2007,3.88,1.27,438242.73
3,1.5,1793,0.42,133869,2.2,13,1977,2025,3.34,1.41,454191.03
4,2.4,3886,0.15,38802,0.61,21,2015,2015,2.43,0.91,692296.62
1,2.7,3472,0.07,103843,0.71,8,1959,1959,2.58,1.45,709633.38
2,3.5,4422,0.68,70205,1.64,4,2007,2035,2.13,1.37,902725.33
1,1.1,1492,0.62,128750,1.56,27,2022,2041,3.88,0.8,339906.87
1,2.5,2886,0.2,64159,1.42,4,1963,1963,5.82,0.66,571972.49
1,1.8,2740,0.27,41516,1.29,5,1964,1964,2.46,0.94,558567.45
5,2.5,1976,0.07,80492,1.36,1,1982,2004,5.79,0.9,473137.14
3,2.1,3907,0.84,59086,1.64,17,1966,1966,4.93,1.08,741157.1
1,1.8,889,0.98,143758,0.5,2,1973,1973,4.55,1.08,339342.47
3,2.2,1499,0.18,60480,1.02,8,1979,1979,4.58,1.25,366922.53
4,2.3,2355,0.27,82091,1.54,7,2011,2044,5.31,1.01,517913.32
2,3.2,1158,0.87,140195,1.94,15,1962,1962,2.43,0.6,383653.8
4,2.3,3263,0.93,77766,0.85,26,2011,2053,4.02,1.36,655251.15
4,2.8,4163,0.45,68737,1.59,25,1996,1996,4.79,0.81,756282.6
5,2.5,1981,0.1,39265,1.93,5,1965,1998,4.35,1.47,460222.72
2,3.2,4231,0.09,144165,1.39,2,2015,2015,5.33,0.62,840825.93
4,1.9,951,0.6,149501,0.55,7,1992,1992,2.29,1.46,376400.62
4,3.9,2975,0.42,148257,1.4,8,1957,1985,4.76,0.59,668844.37
2,3.9,3722,0.08,100990,1.09,28,1952,1952,4.14,0.73,670379.93
2,1.2,2037,0.6,131454,2.36,7,1961,1961,3.52,0.55,488869.89
4,3.5,3593,0.06,121717,0.75,7,1965,1965,3.36,1.21,733013.2
2,2.0,1382,0.8,45386,1.8,28,2008,2008,4.48,1.35,298201.53
4,3.8,4908,0.34,134718,0.61,14,1998,1998,5.56,0.93,949179.0
4,1.0,4568,0.09,67425,1.39,21,2012,2012,3.98,1.43,813034.38
5,2.1,3066,0.61,73254,1.61,18,2011,2011,5.3,1.09,606653.18
1,3.5,3777,0.43,119863,1.1,6,1998,1998,3.61,1.13,749142.88
4,3.9,874,0.98,148350,1.41,4,2000,2000,2.41,1.35,425690.82
3,3.5,4197,0.57,83634,0.83,10,1982,1982,2.25,0.8,814502.93
1,3.5,3562,0.31,116717,1.11,18,1979,2014,2.21,0.85,681092.9
1,2.1,3750,0.72,77662,1.74,12,2008,2008,3.52,1.41,740368.45
1,3.7,612,0.31,116988,1.1,16,1964,1964,3.35,1.4,246926.4
5,2.8,3697,0.91,133784,2.3,25,1972,2013,4.87,1.48,770203.64
4,2.4,2878,0.41,136337,1.76,7,1994,1994,4.97,1.4,652054.42
5,2.8,2424,0.57,129287,1.38,6,2011,2033,2.2,0.63,587750.9
4,3.0,639,0.1,117527,0.58,28,2020,2058,2.88,1.32,230662.02
5,1.2,1924,0.45,136847,1.5,5,1964,1997,3.1,0.91,496824.93
5,1.5,3449,0.84,105452,2.03,3,1995,1995,4.19,1.49,770364.23
3,3.3,3668,0.82,40143,1.03,12,2013,2057,2.58,0.97,752489.29
5,1.8,1016,0.26,121391,2.11,15,1995,2032,2.54,1.05,345088.49
2,1.6,3116,0.26,45581,1.0,10,2005,2005,5.78,1.03,599688.44
3,3.6,1387,0.83,97443,2.15,26,1993,1993,5.22,0.82,385263.22
5,3.8,3604,0.93,59424,0.67,20,1978,1978,2.72,0.58,733063.34
1,3.4,549,0.14,118844,2.23,19,2011,2011,3.63,1.4,220667.15
2,1.9,4451,0.48,71984,1.5,16,2001,2001,3.42,1.3,826893.86
2,1.5,4060,0.37,71505,1.09,28,2003,2003,5.16,0.64,696644.17
2,3.2,518,0.88,142061,1.03,11,2006,2006,4.04,1.28,312675.95
3,2.7,1973,0.13,132478,1.36,8,2015,2015,2.51,1.13,483800.54
5,3.8,4561,0.25,92699,2.5,3,1971,1971,4.96,0.91,892044.32
5,2.3,3106,0.76,56957,0.94,23,1969,1969,3.59,0.75,599904.41
1,2.9,951,0.1,55464,0.71,7,1982,2016,3.05,1.36,310080.64
1,3.9,4265,0.52,144012,1.67,23,2021,2021,3.5,1.2,821745.61
2,3.3,2938,0.47,53649,1.48,29,1974,1974,3.99,1.05,534858.63
1,4.0,4810,0.37,72065,1.55,7,1995,1995,3.37,1.11,916955.67
3,1.1,2049,0.42,122661,1.83,14,2022,2022,2.97,0.59,462538.59
5,2.2,3974,0.55,64758,1.03,2,2006,2014,3.59,0.97,809207.2
2,1.2,627,0.2,35596,2.32,10,1954,1993,2.08,0.69,200581.28
1,1.9,3261,0.59,46374,1.37,19,2004,2004,5.09,0.71,600865.58
3,3.7,4956,0.82,148686,0.76,26,2010,2054,2.68,1.16,928651.22
3,1.2,1915,0.77,33775,1.98,9,1957,1957,2.18,1.41,457162.06
1,3.4,701,0.2,57388,1.79,16,1965,1965,4.61,0.9,207484.08
5,2.6,2869,0.19,51029,1.13,19,1997,1997,5.1,0.71,569680.87
1,3.1,1017,0.3,113981,1.74,18,2010,2035,5.26,1.15,297955.07
2,1.9,1841,0.39,83639,0.94,9,1964,1964,3.97,1.37,436032.68
1,1.8,2488,0.44,144010,1.39,16,2014,2014,2.82,1.25,526595.6
3,3.5,4045,0.7,44645,2.3,13,1971,1995,4.95,1.37,791061.75
1,4.0,4302,0.1,61105,0.77,10,1952,1952,4.8,1.04,780574.89
5,1.4,3775,0.08,43668,1.27,25,2003,2003,2.99,1.25,673185.43
4,3.0,4154,0.42,45960,2.14,20,1963,1994,5.61,0.64,756011.37
1,2.7,2934,0.71,41357,2.44,14,1985,1985,2.42,0.85,583898.17
5,3.6,707,0.23,94604,1.41,12,2016,2016,5.93,0.89,305662.06
5,2.2,3133,0.66,132739,1.51,25,1959,1959,5.44,1.01,637473.22
3,1.9,4617,0.3,81796,1.64,19,1998,1998,4.75,1.43,823956.36
5,3.4,653,0.89,45804,2.36,7,2014,2014,5.75,1.37,300031.32
5,1.2,3866,0.9,145733,2.22,23,2006,2006,4.89,0.63,760302.58
5,1.0,4814,0.33,44626,0.84,15,1976,1976,2.76,0.67,867356.9
5,2.6,2018,0.27,58132,1.37,16,1954,1954,3.77,0.86,463693.11
2,3.5,3100,0.44,37951,1.43,27,2020,2044,2.29,0.79,582448.37
2,3.7,2695,0.28,36449,2.08,8,2006,2017,3.56,1.11,580430.13
3,2.9,4998,0.69,49065,1.71,10,1964,1964,4.97,1.4,937280.82
1,1.1,4054,0.83,131503,1.81,4,1979,1979,3.55,1.46,810382.83
5,1.7,2914,0.69,135072,2.5,19,1969,1977,3.32,1.15,645136.82
1,1.2,3349,0.83,39130,0.65,19,1986,1986,4.38,1.34,602147.1
1,1.9,2242,0.43,119360,0.95,28,1952,1952,5.49,1.03,448763.3
3,3.8,1806,0.2,92287,1.32,21,2022,2042,2.19,0.71,410525.8
5,3.5,4349,0.75,136937,1.2,27,1990,1998,3.54,1.02,865852.95
5,2.7,4668,0.39,81702,0.54,15,1988,1997,2.63,1.06,870249.11
4,2.3,4695,0.69,66993,0.68,14,1975,1982,4.78,1.24,879341.65
1,3.5,3055,0.31,61875,1.86,1,1951,1951,2.42,0.72,644848.99
1,3.8,2805,0.13,145284,2.26,16,1972,1972,4.66,0.87,601468.22
2,1.5,1588,0.99,36054,1.53,10,1972,1972,3.14,0.86,403776.06
4,1.4,3142,0.2,129809,1.58,19,1965,1965,2.8,1.46,635633.19
2,2.5,1677,0.99,137357,1.01,22,1958,1958,5.75,0.94,439604.57
2,3.8,3494,0.98,78517,2.04,3,1962,1975,2.07,1.26,770749.07
2,2.3,1059,0.8,106368,2.0,5,1977,1998,3.75,1.25,367041.2
3,3.2,3464,0.68,59670,1.68,9,1976,1976,2.09,0.77,714862.94
3,1.7,1771,0.6,79112,0.93,18,2000,2028,3.93,1.07,393019.56
2,2.8,2313,0.87,118388,0.69,11,2013,2048,4.0,1.39,548603.21
4,2.1,3415,0.32,119156,0.63,16,2001,2001,3.29,0.98,685292.59
1,3.2,1109,0.49,58307,1.69,2,1987,1987,2.53,1.45,346963.34
4,1.1,2961,0.64,143087,2.15,12,2014,2014,3.51,0.71,642603.4
5,2.3,4620,0.44,97087,2.22,22,1967,1967,4.69,0.57,853369.52
3,1.5,783,0.46,77922,1.43,6,2012,2012,5.13,1.39,275105.5
1,2.7,3428,0.36,93080,2.07,11,2000,2000,4.12,1.35,687636.39
1,1.7,4896,0.59,123348,2.39,27,1958,1958,4.36,1.49,855921.49
5,3.6,1591,0.86,109335,1.05,8,1962,1962,2.8,1.18,483972.27
5,2.4,1316,0.24,56312,1.3,12,1989,1992,3.15,1.44,372389.87
2,2.8,582,0.94,135156,2.36,29,2004,2004,2.65,1.33,278883.15
3,1.5,2420,0.7,96985,1.18,27,1992,2011,3.0,1.34,509320.83
3,2.0,3991,0.83,87608,2.33,2,1993,1993,2.9,1.07,833097.12
4,2.6,3644,0.58,119962,2.46,9,2017,2017,4.08,0.88,765012.11
2,3.1,2593,0.79,130963,1.82,15,1982,2019,4.25,1.43,583622.5
2,1.7,675,0.07,70277,2.13,2,1973,1973,5.78,0.93,226528.15
2,1.3,3204,0.83,61551,2.0,29,1985,1985,2.78,1.04,573996.54
2,1.7,869,0.09,119813,1.9,1,1959,1987,4.57,0.95,304844.96
3,2.1,2318,0.9,86597,1.11,10,1969,1969,5.27,1.06,546065.36
3,2.2,2601,0.99,131025,0.61,2,1961,1961,4.24,0.97,619205.63
2,2.9,3990,0.33,75212,1.19,12,2011,2011,3.02,0.55,740670.25
4,2.2,2279,0.25,39637,1.83,23,1967,2003,3.05,1.38,472358.28
1,3.8,1864,0.78,73258,0.71,8,2012,2012,2.16,0.94,495570.54
1,3.3,4962,0.29,65693,0.52,5,1974,1974,3.22,1.09,908729.88
4,2.6,3842,0.87,39824,0.78,22,1961,1961,4.98,0.64,711938.04
2,3.7,4176,0.15,56950,1.93,28,1970,1970,2.19,0.5,710383.11
3,1.5,2926,0.17,53488,2.45,1,1974,2013,2.88,0.75,613207.17
1,1.3,572,0.98,134544,2.47,15,1960,1960,4.82,1.2,248837.2
5,1.2,3462,0.69,145200,1.49,6,2013,2013,5.13,0.6,739051.84
5,2.0,1359,0.85,30215,2.24,12,2022,2022,3.82,1.41,403542.79
4,1.3,4356,0.36,135603,1.97,8,1999,2029,4.79,0.72,842123.71
2,3.7,4638,0.69,41523,1.5,13,2011,2011,3.55,0.7,835533.34
1,2.9,2924,0.61,105900,1.65,19,1998,2029,2.64,0.68,598256.59
2,3.9,1564,0.62,98689,0.77,27,1963,1989,3.59,0.51,389167.72
1,1.8,2717,0.7,53834,2.38,1,1950,1950,4.32,1.27,571704.96
4,1.8,4517,0.6,64474,1.2,11,1974,1974,5.79,1.38,830302.55
4,1.7,2759,0.46,73066,1.39,20,2008,2008,2.28,1.11,547239.43
5,2.3,4251,0.31,129871,1.84,1,2021,2022,4.03,0.69,851276.19
2,3.9,2586,0.78,40400,1.17,8,2018,2018,3.32,0.79,578051.47
5,2.7,868,0.26,40345,1.01,5,1954,1954,4.03,0.98,322746.03
2,2.6,3304,0.71,63896,1.76,17,1968,1989,2.1,1.45,663461.93
5,1.1,650,0.27,115430,0.55,8,1972,1972,3.25,0.75,292191.2
3,2.4,1634,0.64,58899,1.94,25,1958,1958,5.28,1.23,375529.36
3,2.5,3284,0.76,136171,1.53,10,1999,1999,4.22,0.94,700588.79
3,1.9,4664,0.26,58229,1.71,2,1965,1965,3.8,0.8,857687.62
3,2.5,2846,0.11,147053,1.76,9,1982,2003,3.14,0.96,639391.58
1,1.4,2750,0.17,35583,1.55,24,1951,1951,3.19,0.57,447926.32
3,2.0,560,0.63,34897,1.67,23,1963,1963,3.53,1.3,212164.74
4,1.1,3510,0.86,101537,1.87,3,1950,1972,5.34,0.74,752860.8
4,1.4,4401,0.09,139417,2.01,18,2007,2007,5.87,1.23,809875.2
1,2.0,1837,0.75,34567,1.95,7,1965,1971,3.75,0.57,420814.65
3,1.7,1684,0.37,104807,2.24,15,1996,2012,3.57,1.46,400301.18
3,1.9,4926,0.5,142652,0.88,21,1993,1993,5.39,0.69,881793.0
3,2.3,2051,0.93,107239,1.3,22,1963,1963,3.71,1.38,493609.3
5,2.9,4933,0.37,43329,2.4,20,1973,1982,4.21,1.31,894381.42
2,3.3,2129,0.49,131045,1.29,18,2004,2004,2.92,1.47,510134.74
5,2.9,1827,0.06,147708,0.75,25,1964,1964,4.97,0.98,446776.55
2,2.8,2026,0.13,101792,1.55,3,2021,2035,4.13,1.23,477107.79
3,3.8,2173,0.3,30228,0.72,28,1983,1983,5.24,0.87,412787.04
3,2.0,1861,0.08,120282,0.91,23,1951,1993,5.12,0.68,391748.21
5,3.0,2073,0.65,112214,2.5,14,1976,1976,2.86,0.94,518378.38
5,2.7,3186,0.46,67052,1.58,24,2021,2021,4.86,0.67,620869.97
2,2.3,4870,0.57,87769,1.07,2,1972,1972,5.2,1.48,919124.77
4,3.8,2866,0.22,76032,2.49,14,2017,2046,3.38,0.6,611889.84
2,2.3,4257,0.33,141694,2.43,22,1963,1963,2.69,1.09,802656.03
5,2.9,2934,0.68,118721,1.38,11,2012,2059,2.01,1.13,688788.95
5,3.1,2493,0.97,63686,1.02,16,2014,2014,3.8,1.04,590365.97
1,1.7,1369,0.1,106981,2.18,8,2017,2017,3.41,1.16,366681.62
5,3.5,1514,0.9,128802,1.93,7,2012,2012,4.22,0.62,469510.78
1,1.1,2411,0.6,93261,1.87,11,2013,2013,2.75,1.06,506471.97
4,3.2,1102,0.59,32809,2.29,3,1981,1981,5.44,0.79,366601.42
2,3.0,4321,0.53,133265,1.88,17,1962,1962,3.03,1.44,840518.12
2,2.5,1190,0.12,71785,1.07,14,2015,2015,2.91,1.26,320236.67
1,1.3,993,0.14,66547,1.89,6,1968,1973,3.92,1.47,292771.42
2,2.6,989,0.62,72818,1.11,8,1973,1973,4.0,0.54,297745.7
5,1.3,3056,0.37,130422,2.02,22,1960,1977,2.86,0.79,615265.54
3,3.3,4985,0.92,101927,1.74,5,2008,2008,3.09,0.7,957332.15
1,3.7,794,0.44,95681,0.65,27,1964,1964,2.68,0.51,247164.97
2,1.0,4527,0.19,109465,1.53,28,1959,1959,4.87,0.74,764447.34
1,2.9,3343,0.73,119862,1.19,8,1990,1990,5.08,1.18,684953.2
1,2.9,3412,0.33,125527,1.16,2,1976,1976,3.85,0.73,721076.88
3,2.7,2217,0.55,143221,1.7,15,2009,2009,4.86,1.01,512721.64
5,2.6,3096,0.71,67333,1.14,12,2022,2022,4.94,1.39,671507.11
1,3.9,2373,0.91,46576,2.05,17,2001,2048,2.55,1.19,535084.71
2,3.2,3758,0.8,149875,0.64,1,1977,1977,5.86,0.89,798318.82
4,3.1,3317,0.69,69405,1.82,15,2014,2015,5.28,0.87,654420.88
1,3.2,944,0.7,124000,2.12,14,1966,1966,2.82,0.96,315866.03
1,3.8,4141,0.95,103779,1.85,20,1993,1993,2.74,0.68,784519.78
3,2.0,4958,0.33,61601,1.49,22,1959,1959,2.5,1.13,860528.76
5,2.6,1241,0.05,97946,2.4,16,2012,2012,2.55,0.86,359874.19
4,3.0,2541,0.31,97356,1.1,29,1996,1996,4.99,1.35,505823.48
2,2.9,1179,0.26,82116,0.54,9,1987,1987,3.88,1.26,328542.61
4,3.5,2967,0.68,130825,1.36,1,2019,2019,5.13,1.11,699963.24
2,3.1,4197,0.65,147256,0.57,28,2002,2002,4.99,0.86,798752.34
5,3.8,1858,0.61,134186,2.41,17,1993,1993,4.42,0.71,489987.14
2,1.6,562,0.07,92894,0.92,29,2003,2003,4.75,1.28,173340.7
3,2.1,3059,0.74,64635,2.08,13,1969,1969,2.07,0.99,652656.26
3,2.1,4269,0.36,37465,2.05,21,1980,2000,3.25,0.72,729221.6
3,3.9,4851,0.68,86754,0.94,26,1956,1970,4.55,0.7,886275.32
3,2.7,634,0.58,127975,1.74,21,2007,2007,2.04,0.67,274854.05
4,2.8,4144,0.38,122850,0.6,5,1959,2000,2.13,1.28,868728.04
5,3.9,2635,0.18,139765,1.47,10,1959,1999,5.41,0.73,634170.56
2,1.6,3778,0.14,115119,0.53,6,1988,1988,4.74,1.03,736986.9
2,1.5,1322,0.84,122691,2.34,24,1977,1977,3.06,0.95,331093.88
3,1.4,3574,0.92,68871,2.45,19,1979,2024,4.75,1.08,687871.59
3,3.3,3481,0.67,92874,0.94,25,1986,1986,5.17,1.38,666741.93
1,2.4,620,0.15,107733,0.92,13,2016,2032,3.23,1.37,231010.61
5,3.8,2137,0.43,59511,2.01,1,1992,1992,2.14,0.95,552649.06
4,3.6,1424,0.74,110960,1.01,20,2001,2001,5.73,0.52,413033.94
2,2.9,1144,0.79,78821,2.29,25,2005,2005,3.38,0.93,304335.05
1,1.4,2532,0.16,95776,1.65,15,2017,2017,2.43,1.11,507086.97
1,1.6,3261,0.05,148128,1.2,14,1958,2002,3.97,1.06,618731.82
2,3.6,2568,0.73,100167,2.17,8,1972,2005,5.07,1.15,612215.18
4,1.6,741,0.39,105135,1.49,10,2012,2012,2.89,0.65,267953.32
1,3.7,3168,0.29,74462,2.32,9,2010,2010,3.08,1.15,653127.78
1,3.2,1302,0.06,91382,2.36,17,1989,2009,2.97,0.68,322058.66
5,2.5,4664,0.56,120194,0.83,9,1993,1993,5.97,1.25,911024.72
4,2.1,695,0.86,133381,0.5,3,1973,1973,2.79,0.84,344676.3
1,2.4,2687,0.96,62574,2.47,11,2000,2000,4.3,1.21,548336.43
4,3.5,4015,0.59,132072,2.31,12,2007,2039,5.7,0.55,796443.7
2,2.7,2830,0.54,71910,0.61,10,1982,2030,2.59,0.91,587260.87
3,2.0,2859,0.13,103531,2.17,25,1965,1965,5.88,1.21,559666.99
1,1.6,4106,0.57,55186,1.42,17,1971,1971,5.79,0.73,698468.38
5,3.7,776,0.41,124781,1.02,17,2006,2035,5.54,1.3,312020.21
2,3.5,560,0.63,52813,2.26,25,2011,2011,2.86,1.13,217872.7
4,2.6,3890,0.42,108812,0.89,11,2020,2020,4.54,1.09,791007.54
2,3.1,2413,0.28,115525,2.39,22,2021,2021,5.04,0.85,479769.96
1,3.3,4427,0.14,108282,0.91,4,2019,2067,5.94,0.98,824640.7
4,1.4,3091,0.35,139779,1.73,7,1979,1979,2.72,1.1,670384.12
3,1.5,1066,0.14,48557,0.95,21,1972,1972,5.06,0.97,267118.9
2,2.0,4435,0.22,58060,1.59,26,1981,1981,3.36,1.2,761505.85
1,3.1,2071,0.99,88866,1.87,14,2006,2006,2.7,0.93,501162.8
5,3.3,1700,0.47,102104,0.88,7,1958,1958,3.69,0.7,488839.33
4,2.0,4909,0.56,130905,1.54,24,1980,1980,5.18,0.71,897026.44
2,3.3,3354,0.88,114577,1.44,8,2020,2020,3.86,0.51,720903.36
2,1.5,3395,1.0,36080,0.64,1,1958,1958,4.15,0.8,672064.44
3,2.2,1736,0.6,43854,2.14,24,1962,1962,5.98,1.25,360354.57
3,1.6,636,0.82,97695,1.17,22,2007,2007,3.6,1.29,244244.49
5,3.3,1529,0.36,57025,1.65,4,1952,1976,4.46,0.7,439725.38
5,2.2,2656,0.34,82982,1.53,29,1984,2017,3.46,1.46,522558.55
1,1.5,3094,0.43,71081,1.53,12,1970,1970,3.57,1.0,591766.45
1,1.0,1161,0.69,34368,0.71,24,2013,2040,4.78,1.42,238572.02
5,2.0,2972,0.7,129621,1.35,3,2001,2001,5.75,1.21,679188.47
5,2.2,3177,0.35,149181,1.4,13,1983,2001,4.17,1.22,698010.73
4,1.0,2808,0.18,57094,1.97,20,1984,1984,5.07,0.59,511076.86
3,3.1,586,0.65,76040,2.18,6,1964,1964,2.36,0.72,272352.78
1,1.3,3012,0.17,96766,1.59,11,1955,1955,2.84,0.51,571264.81
3,2.8,3442,0.6,113053,0.67,23,1981,1981,4.01,1.22,698696.83
3,1.6,3273,0.71,53991,0.97,4,2001,2031,2.08,0.84,691965.19
5,2.5,3004,0.72,31301,0.83,20,1977,1977,3.01,1.29,628602.3
4,2.3,3810,0.77,58610,0.75,16,2013,2013,4.07,0.84,730536.61
2,3.9,2200,0.88,111463,1.23,7,1968,1968,2.06,1.32,592082.3
4,2.4,4170,0.52,64678,0.96,22,1964,1998,3.06,0.63,746856.66
4,2.1,3200,0.74,54466,0.94,29,1955,1955,4.06,0.67,599250.2
3,3.6,4129,0.64,110440,0.61,11,2022,2022,4.29,0.84,818343.49
4,2.1,2147,0.23,70875,0.54,24,1987,2012,5.7,0.91,415541.9
1,3.3,3818,0.07,56081,0.71,1,1975,1975,4.58,0.85,729050.07
3,3.5,4187,0.32,54354,0.84,26,2000,2000,3.66,1.26,738025.93
1,2.9,1096,0.47,123297,1.36,29,2022,2040,5.72,0.6,288003.29
2,2.5,984,0.64,48300,1.52,27,2002,2002,5.14,0.85,244241.26
3,1.7,1145,0.86,94384,0.78,7,2005,2005,2.8,1.34,371408.15
2,4.0,3589,0.24,125027,1.35,12,2008,2008,2.52,0.57,712621.22
3,1.1,4884,0.17,90892,1.18,7,2019,2037,4.7,1.44,883888.82
5,2.3,1220,0.97,65525,0.87,27,2007,2007,4.24,1.49,347419.13
4,1.4,998,0.15,56532,0.51,23,1962,1983,5.16,0.59,254912.46
5,3.4,2173,0.5,36464,1.43,7,1992,2002,4.96,0.79,523722.79
2,1.4,3567,0.61,46562,1.87,10,2000,2000,4.5,0.87,650350.98
4,3.9,614,0.56,137392,0.95,16,1968,2017,5.95,1.28,306807.62
3,2.7,3479,0.13,85514,0.76,26,1970,1970,4.13,1.1,617220.98
4,2.6,2236,0.1,143428,2.27,8,1973,1973,2.45,1.14,564819.1
1,3.3,4111,0.15,142564,1.05,9,1975,1992,5.31,1.26,793792.13
4,2.8,2753,0.61,138047,0.95,9,1994,2003,3.01,0.62,639728.67
1,3.0,2794,0.57,104219,2.21,2,1977,1977,5.11,1.33,607337.74
4,2.8,4130,0.27,62634,2.13,13,1978,1978,5.83,1.21,775162.55
1,2.0,646,0.66,30060,1.4,13,1966,1966,4.79,1.08,230027.75
2,3.6,4482,0.83,39269,1.48,23,2017,2017,4.38,1.39,810357.47
5,1.1,3953,0.09,93143,0.94,23,1993,1993,3.84,1.2,716848.34
3,1.3,2910,0.52,53065,0.66,4,2010,2010,3.46,0.7,610084.3
4,2.1,636,0.7,32895,1.65,25,2017,2017,3.41,0.93,228625.63
5,1.6,3860,0.29,110859,0.7,24,1974,1974,4.55,0.99,711028.49
3,1.7,3505,0.34,42352,1.4,12,2016,2016,5.01,0.56,627174.75
3,2.1,4052,0.63,140179,2.38,17,1951,1992,4.71,1.45,810573.74
1,2.4,518,0.9,79737,2.41,2,1998,2028,2.79,0.63,265355.25
2,1.5,2742,0.82,134127,0.98,13,2019,2019,3.98,1.2,598731.44
2,3.4,948,0.6,126426,1.75,29,1975,1975,5.17,1.01,283926.02
5,2.1,2448,0.74,62016,1.45,18,2021,2021,3.9,0.53,517450.93
2,3.4,1445,0.4,91304,2.25,28,1976,1976,4.15,1.42,349706.13
4,1.8,4736,0.66,41962,1.04,28,1967,1967,5.08,1.35,811464.09
2,2.1,2420,0.49,63302,0.51,27,2003,2014,4.65,1.02,474057.06
5,3.1,3477,0.23,115382,0.83,15,1950,1950,3.64,0.73,712624.51
2,2.4,4688,0.72,34011,1.2,8,2010,2010,5.58,0.62,828269.42
4,1.9,4515,0.58,49782,1.13,15,1952,1952,2.65,0.86,843807.81
1,3.7,738,0.39,97691,2.08,1,2017,2017,5.98,0.76,283505.17
5,1.7,704,0.92,69725,1.86,20,1990,1990,2.48,1.01,296506.27
1,1.4,3107,0.07,39196,1.1,10,1986,2015,2.06,1.47,594835.18
1,2.6,4840,0.35,73459,1.42,12,2000,2000,5.56,1.07,864657.93
1,3.0,3888,0.1,117245,0.69,5,1964,1964,2.98,1.39,760463.86
3,1.6,3472,0.78,108863,2.3,9,1957,1957,4.92,1.15,707664.46
3,1.9,4890,0.72,149391,2.37,23,1987,2000,5.24,0.98,886503.69
1,3.6,3187,0.36,131010,2.46,8,2005,2005,5.44,1.35,667934.36
5,1.9,4666,0.69,62769,2.24,16,1996,1996,5.97,0.97,864321.63
4,1.7,1848,0.43,137529,0.85,14,1959,1964,3.18,1.37,478651.53
4,3.1,4900,0.77,54700,0.59,27,1998,1998,4.84,0.79,881156.57
2,3.9,1316,0.48,145792,1.66,25,1990,1990,2.46,0.63,370099.91
5,3.1,1320,0.44,110356,2.33,13,1979,1979,3.63,1.36,421999.87
3,3.5,692,0.94,106427,0.85,23,1954,1954,5.39,1.09,271587.11
1,2.1,2276,0.29,130165,0.51,21,2020,2020,3.47,1.39,460286.81
2,3.0,4145,0.16,35269,2.11,13,1980,1980,4.36,1.44,741968.57
4,2.4,750,0.61,73880,0.65,5,2001,2001,4.02,0.55,296344.55
3,2.3,2288,0.97,144003,1.33,16,1972,1972,4.58,1.0,549945.19
3,2.5,4200,0.41,38320,1.86,26,1997,1997,5.89,0.87,712169.51
1,1.6,2963,0.11,79589,0.97,11,1989,1989,2.22,1.13,563335.87
4,2.0,1667,0.37,149534,0.67,22,1955,1955,4.3,1.29,438134.61
5,2.1,4393,0.53,106276,2.04,5,1987,2032,5.45,0.78,888768.01
3,1.6,1596,0.2,65897,1.76,13,1990,1990,3.93,1.06,380969.0
1,1.3,3179,0.68,88565,2.48,28,1976,1976,2.31,1.21,583397.07
5,1.7,2347,1.0,60930,1.19,11,2018,2018,4.24,0.63,525272.18
4,3.7,4404,0.48,87233,0.62,25,2006,2006,3.33,1.31,813102.42
3,1.8,1004,0.39,112821,1.97,19,1966,1966,2.62,1.11,324111.65
5,1.7,2121,0.43,44380,1.54,3,2020,2020,5.4,1.45,496664.54
5,2.4,2972,0.16,106896,0.93,15,1996,1996,4.09,0.84,612132.78
5,1.7,3046,0.89,100934,2.06,7,1962,1962,5.73,0.61,660185.17
3,3.3,1887,0.44,85830,0.91,7,1960,1966,5.22,1.01,475643.06
3,1.3,3494,0.42,35529,1.02,6,1973,1973,4.77,0.59,649268.12
2,3.8,4316,0.68,124598,0.69,3,2022,2022,2.02,1.47,893724.24
4,1.4,1217,0.47,132222,1.3,13,1953,1953,3.71,0.54,341944.79
1,1.8,3984,0.67,112987,1.34,7,1995,1995,2.79,1.25,799252.76
5,1.8,4934,0.11,79178,1.53,5,1967,1967,5.64,1.03,897120.91
2,1.9,1158,0.82,36937,1.92,23,1992,1992,2.7,0.87,283237.59
1,3.9,4508,0.94,69886,2.31,18,1982,1982,3.14,0.57,839928.17
2,3.4,4734,0.67,79699,0.78,22,1959,1986,4.07,1.12,868490.69
3,2.3,4264,0.96,106396,0.61,8,2022,2053,3.05,1.09,850440.61
5,3.6,3489,0.19,120678,0.54,17,2008,2008,2.84,0.78,711037.38
1,1.4,2604,0.5,55279,0.79,20,1980,1980,4.4,1.41,483251.01
1,2.6,1755,0.62,68106,1.82,27,1977,2016,2.36,0.8,364249.31
1,2.7,2982,0.6,140776,1.95,1,2009,2009,2.23,0.95,675984.25
1,2.7,883,0.43,131444,2.07,14,1952,1952,3.49,1.04,307741.17
1,1.4,3107,0.37,136300,0.99,17,2004,2004,4.88,0.6,591302.72
2,3.2,693,0.17,143793,1.11,10,1963,1963,4.22,1.43,295781.66
5,1.4,4307,0.42,146278,1.47,12,2007,2007,3.69,0.87,841290.55
3,2.1,4219,0.2,109737,0.63,16,1964,1964,4.26,0.58,773178.92
3,1.9,3081,0.75,70544,1.72,14,1951,1951,3.46,0.89,613519.19
3,1.3,3065,0.25,133247,2.47,27,1973,1973,5.74,1.1,569629.51
3,3.2,3263,0.11,141190,1.22,16,2013,2015,2.22,1.01,659103.36
2,3.0,3298,0.57,38997,2.01,8,2020,2020,4.69,1.19,660559.17
4,2.6,2839,0.62,136102,1.5,23,1973,1973,5.57,0.56,576794.87
5,1.6,3906,0.88,115711,0.76,28,1976,1976,5.22,0.78,760333.15
1,1.3,1231,0.6,146045,1.66,10,1986,2034,2.74,1.32,385630.95
4,3.1,3372,0.38,70860,1.1,29,1988,2002,3.18,0.58,639801.79
3,1.4,3620,0.81,33225,0.57,17,2012,2012,4.87,1.36,671214.87
4,1.3,4677,0.56,140114,1.77,27,1975,1975,2.34,0.59,836124.44
5,1.7,3104,0.13,89470,2.22,29,2014,2022,5.25,1.33,569772.62
1,3.6,2882,0.59,143218,1.19,18,1953,1953,4.88,0.86,621916.74
1,2.4,1031,0.91,130764,1.28,20,1978,1978,4.92,1.11,336448.1
5,2.2,4816,0.43,137041,2.28,16,1950,1950,2.4,0.65,915883.85
5,2.0,1134,0.33,142224,2.13,17,1999,1999,4.87,0.57,349696.43
3,2.5,2269,0.19,93656,1.93,16,1960,1960,4.72,0.72,498446.82
1,3.7,4304,0.19,81880,1.0,19,2008,2008,5.32,0.63,767793.37
4,3.1,2870,0.46,91078,2.32,24,2011,2011,2.17,0.81,588524.15
2,2.5,502,0.62,118646,0.81,24,1985,1991,2.09,1.01,224954.64
2,2.0,705,0.13,106290,1.75,8,2005,2047,3.49,1.09,268920.87
5,1.5,4635,0.94,86633,0.56,6,1970,2010,2.6,1.29,935631.81
3,3.0,3121,0.77,56655,1.79,6,1962,1993,4.23,1.16,655607.5
2,1.4,3390,0.61,73601,1.05,21,1958,1958,5.67,1.11,603625.81
1,1.0,3693,0.84,33114,1.4,29,1960,1960,3.57,0.91,616193.08
5,3.0,3166,0.13,56502,1.19,9,2019,2019,5.38,0.97,654786.14
4,3.4,3806,0.5,79768,0.85,4,1950,1962,2.0,0.91,796698.89
5,3.2,1397,0.65,78128,1.74,26,2019,2019,2.67,1.34,394387.68
4,3.0,1585,0.84,50028,2.26,12,2005,2018,2.12,0.73,419817.05
5,2.8,1779,0.79,85565,2.42,28,1980,1980,3.31,0.51,419061.13
5,3.5,1170,0.31,113123,0.88,12,1986,2030,5.63,1.15,391981.22
5,2.3,2005,0.94,138255,1.93,23,1996,1996,2.39,0.7,507216.98
4,3.9,4075,0.17,65333,1.83,17,1996,1996,4.43,1.39,778768.4
4,2.1,2455,0.88,33174,1.19,15,2018,2049,3.81,1.36,528857.14
5,2.0,749,0.97,147769,0.54,9,2007,2007,5.75,0.58,328633.15
2,2.3,2392,0.22,65398,1.88,7,1985,2010,2.49,0.61,507786.94
3,2.9,3939,0.74,65929,2.39,10,1981,1981,2.85,1.0,765803.99
3,3.6,2353,0.09,34321,1.76,16,2013,2013,2.12,1.11,509975.1
3,2.8,3354,0.44,125971,1.37,12,2020,2020,3.74,0.77,670916.67
4,2.0,2003,0.54,141508,1.55,25,1991,1991,3.11,1.22,482179.85
4,1.3,3885,0.6,85421,0.9,7,1997,1997,5.48,1.09,770227.06
2,4.0,4071,0.94,102635,2.0,18,1979,1979,4.42,0.82,811591.37
3,1.4,4292,0.69,53760,1.99,15,1970,1970,4.46,0.53,756339.74
3,2.4,3926,0.51,41360,0.79,6,2009,2009,4.13,1.25,752499.99
5,1.3,543,0.82,40313,2.26,26,1962,1962,2.37,0.71,210280.55
4,3.5,4112,0.95,141806,1.04,12,1950,1950,3.78,1.33,879449.85
3,2.2,3118,0.07,115998,2.46,11,2014,2026,6.0,0.92,614622.04
2,3.6,3663,0.98,35801,1.27,20,1982,1982,5.34,1.08,710948.08
2,2.5,1788,0.13,44130,0.86,3,1987,1987,5.57,1.37,436189.89
3,1.8,3442,0.82,44271,1.2,2,1974,1974,5.29,1.36,711947.61
4,3.8,719,0.32,46075,1.38,6,1975,1975,2.41,0.87,315075.68
2,3.4,2425,0.18,132455,0.64,24,2008,2008,2.91,0.71,500894.76
5,2.3,3472,0.47,137215,1.66,22,1982,2020,2.01,1.28,716092.33
2,3.3,4013,0.66,48984,1.7,25,1990,2030,3.21,0.93,716790.14
1,2.2,2948,0.41,118095,1.98,5,1979,1979,2.43,0.69,618297.2
1,2.1,3971,0.1,90942,0.56,18,2006,2006,3.89,1.4,720061.04
4,2.3,3274,0.62,42861,1.58,16,1998,2038,4.71,0.7,637429.81
3,2.3,1490,0.91,128970,0.61,8,1997,1997,5.5,0.53,418721.68
